domain,question,keywords
OOP,Sample question 1 for OOP,"concept, definition, example"
DBMS,Sample question 2 for DBMS,"concept, definition, example"
OS,Sample question 3 for OS,"concept, definition, example"
HR,Sample question 4 for HR,"concept, definition, example"
ML,Sample question 5 for ML,"concept, definition, example"
OOP,Sample question 6 for OOP,"concept, definition, example"
DBMS,Sample question 7 for DBMS,"concept, definition, example"
OS,Sample question 8 for OS,"concept, definition, example"
HR,Sample question 9 for HR,"concept, definition, example"
ML,Sample question 10 for ML,"concept, definition, example"
OOP,Sample question 11 for OOP,"concept, definition, example"
DBMS,Sample question 12 for DBMS,"concept, definition, example"
OS,Sample question 13 for OS,"concept, definition, example"
HR,Sample question 14 for HR,"concept, definition, example"
ML,Sample question 15 for ML,"concept, definition, example"
OOP,Sample question 16 for OOP,"concept, definition, example"
DBMS,Sample question 17 for DBMS,"concept, definition, example"
OS,Sample question 18 for OS,"concept, definition, example"
HR,Sample question 19 for HR,"concept, definition, example"
ML,Sample question 20 for ML,"concept, definition, example"
OOP,Sample question 21 for OOP,"concept, definition, example"
DBMS,Sample question 22 for DBMS,"concept, definition, example"
OS,Sample question 23 for OS,"concept, definition, example"
HR,Sample question 24 for HR,"concept, definition, example"
ML,Sample question 25 for ML,"concept, definition, example"
OOP,Sample question 26 for OOP,"concept, definition, example"
DBMS,Sample question 27 for DBMS,"concept, definition, example"
OS,Sample question 28 for OS,"concept, definition, example"
HR,Sample question 29 for HR,"concept, definition, example"
ML,Sample question 30 for ML,"concept, definition, example"
OOP,Sample question 31 for OOP,"concept, definition, example"
DBMS,Sample question 32 for DBMS,"concept, definition, example"
OS,Sample question 33 for OS,"concept, definition, example"
HR,Sample question 34 for HR,"concept, definition, example"
ML,Sample question 35 for ML,"concept, definition, example"
OOP,Sample question 36 for OOP,"concept, definition, example"
DBMS,Sample question 37 for DBMS,"concept, definition, example"
OS,Sample question 38 for OS,"concept, definition, example"
HR,Sample question 39 for HR,"concept, definition, example"
ML,Sample question 40 for ML,"concept, definition, example"
OOP,Sample question 41 for OOP,"concept, definition, example"
DBMS,Sample question 42 for DBMS,"concept, definition, example"
OS,Sample question 43 for OS,"concept, definition, example"
HR,Sample question 44 for HR,"concept, definition, example"
ML,Sample question 45 for ML,"concept, definition, example"
OOP,Sample question 46 for OOP,"concept, definition, example"
DBMS,Sample question 47 for DBMS,"concept, definition, example"
OS,Sample question 48 for OS,"concept, definition, example"
HR,Sample question 49 for HR,"concept, definition, example"
ML,Sample question 50 for ML,"concept, definition, example"
OOP,Sample question 51 for OOP,"concept, definition, example"
DBMS,Sample question 52 for DBMS,"concept, definition, example"
OS,Sample question 53 for OS,"concept, definition, example"
HR,Sample question 54 for HR,"concept, definition, example"
ML,Sample question 55 for ML,"concept, definition, example"
OOP,Sample question 56 for OOP,"concept, definition, example"
DBMS,Sample question 57 for DBMS,"concept, definition, example"
OS,Sample question 58 for OS,"concept, definition, example"
HR,Sample question 59 for HR,"concept, definition, example"
ML,Sample question 60 for ML,"concept, definition, example"
OOP,Sample question 61 for OOP,"concept, definition, example"
DBMS,Sample question 62 for DBMS,"concept, definition, example"
OS,Sample question 63 for OS,"concept, definition, example"
HR,Sample question 64 for HR,"concept, definition, example"
ML,Sample question 65 for ML,"concept, definition, example"
OOP,Sample question 66 for OOP,"concept, definition, example"
DBMS,Sample question 67 for DBMS,"concept, definition, example"
OS,Sample question 68 for OS,"concept, definition, example"
HR,Sample question 69 for HR,"concept, definition, example"
ML,Sample question 70 for ML,"concept, definition, example"
OOP,Sample question 71 for OOP,"concept, definition, example"
DBMS,Sample question 72 for DBMS,"concept, definition, example"
OS,Sample question 73 for OS,"concept, definition, example"
HR,Sample question 74 for HR,"concept, definition, example"
ML,Sample question 75 for ML,"concept, definition, example"
OOP,Sample question 76 for OOP,"concept, definition, example"
DBMS,Sample question 77 for DBMS,"concept, definition, example"
OS,Sample question 78 for OS,"concept, definition, example"
HR,Sample question 79 for HR,"concept, definition, example"
ML,Sample question 80 for ML,"concept, definition, example"
OOP,Sample question 81 for OOP,"concept, definition, example"
DBMS,Sample question 82 for DBMS,"concept, definition, example"
OS,Sample question 83 for OS,"concept, definition, example"
HR,Sample question 84 for HR,"concept, definition, example"
ML,Sample question 85 for ML,"concept, definition, example"
OOP,Sample question 86 for OOP,"concept, definition, example"
DBMS,Sample question 87 for DBMS,"concept, definition, example"
OS,Sample question 88 for OS,"concept, definition, example"
HR,Sample question 89 for HR,"concept, definition, example"
ML,Sample question 90 for ML,"concept, definition, example"
OOP,Sample question 91 for OOP,"concept, definition, example"
DBMS,Sample question 92 for DBMS,"concept, definition, example"
OS,Sample question 93 for OS,"concept, definition, example"
HR,Sample question 94 for HR,"concept, definition, example"
ML,Sample question 95 for ML,"concept, definition, example"
OOP,Sample question 96 for OOP,"concept, definition, example"
DBMS,Sample question 97 for DBMS,"concept, definition, example"
OS,Sample question 98 for OS,"concept, definition, example"
HR,Sample question 99 for HR,"concept, definition, example"
ML,Sample question 100 for ML,"concept, definition, example"
OOP,Sample question 101 for OOP,"concept, definition, example"
DBMS,Sample question 102 for DBMS,"concept, definition, example"
OS,Sample question 103 for OS,"concept, definition, example"
HR,Sample question 104 for HR,"concept, definition, example"
ML,Sample question 105 for ML,"concept, definition, example"
OOP,Sample question 106 for OOP,"concept, definition, example"
DBMS,Sample question 107 for DBMS,"concept, definition, example"
OS,Sample question 108 for OS,"concept, definition, example"
HR,Sample question 109 for HR,"concept, definition, example"
ML,Sample question 110 for ML,"concept, definition, example"
OOP,Sample question 111 for OOP,"concept, definition, example"
DBMS,Sample question 112 for DBMS,"concept, definition, example"
OS,Sample question 113 for OS,"concept, definition, example"
HR,Sample question 114 for HR,"concept, definition, example"
ML,Sample question 115 for ML,"concept, definition, example"
OOP,Sample question 116 for OOP,"concept, definition, example"
DBMS,Sample question 117 for DBMS,"concept, definition, example"
OS,Sample question 118 for OS,"concept, definition, example"
HR,Sample question 119 for HR,"concept, definition, example"
ML,Sample question 120 for ML,"concept, definition, example"
OOP,Sample question 121 for OOP,"concept, definition, example"
DBMS,Sample question 122 for DBMS,"concept, definition, example"
OS,Sample question 123 for OS,"concept, definition, example"
HR,Sample question 124 for HR,"concept, definition, example"
ML,Sample question 125 for ML,"concept, definition, example"
OOP,Sample question 126 for OOP,"concept, definition, example"
DBMS,Sample question 127 for DBMS,"concept, definition, example"
OS,Sample question 128 for OS,"concept, definition, example"
HR,Sample question 129 for HR,"concept, definition, example"
ML,Sample question 130 for ML,"concept, definition, example"
OOP,Sample question 131 for OOP,"concept, definition, example"
DBMS,Sample question 132 for DBMS,"concept, definition, example"
OS,Sample question 133 for OS,"concept, definition, example"
HR,Sample question 134 for HR,"concept, definition, example"
ML,Sample question 135 for ML,"concept, definition, example"
OOP,Sample question 136 for OOP,"concept, definition, example"
DBMS,Sample question 137 for DBMS,"concept, definition, example"
OS,Sample question 138 for OS,"concept, definition, example"
HR,Sample question 139 for HR,"concept, definition, example"
ML,Sample question 140 for ML,"concept, definition, example"
OOP,Sample question 141 for OOP,"concept, definition, example"
DBMS,Sample question 142 for DBMS,"concept, definition, example"
OS,Sample question 143 for OS,"concept, definition, example"
HR,Sample question 144 for HR,"concept, definition, example"
ML,Sample question 145 for ML,"concept, definition, example"
OOP,Sample question 146 for OOP,"concept, definition, example"
DBMS,Sample question 147 for DBMS,"concept, definition, example"
OS,Sample question 148 for OS,"concept, definition, example"
HR,Sample question 149 for HR,"concept, definition, example"
ML,Sample question 150 for ML,"concept, definition, example"
OOP,Sample question 151 for OOP,"concept, definition, example"
DBMS,Sample question 152 for DBMS,"concept, definition, example"
OS,Sample question 153 for OS,"concept, definition, example"
HR,Sample question 154 for HR,"concept, definition, example"
ML,Sample question 155 for ML,"concept, definition, example"
OOP,Sample question 156 for OOP,"concept, definition, example"
DBMS,Sample question 157 for DBMS,"concept, definition, example"
OS,Sample question 158 for OS,"concept, definition, example"
HR,Sample question 159 for HR,"concept, definition, example"
ML,Sample question 160 for ML,"concept, definition, example"
OOP,Sample question 161 for OOP,"concept, definition, example"
DBMS,Sample question 162 for DBMS,"concept, definition, example"
OS,Sample question 163 for OS,"concept, definition, example"
HR,Sample question 164 for HR,"concept, definition, example"
ML,Sample question 165 for ML,"concept, definition, example"
OOP,Sample question 166 for OOP,"concept, definition, example"
DBMS,Sample question 167 for DBMS,"concept, definition, example"
OS,Sample question 168 for OS,"concept, definition, example"
HR,Sample question 169 for HR,"concept, definition, example"
ML,Sample question 170 for ML,"concept, definition, example"
OOP,Sample question 171 for OOP,"concept, definition, example"
DBMS,Sample question 172 for DBMS,"concept, definition, example"
OS,Sample question 173 for OS,"concept, definition, example"
HR,Sample question 174 for HR,"concept, definition, example"
ML,Sample question 175 for ML,"concept, definition, example"
OOP,Sample question 176 for OOP,"concept, definition, example"
DBMS,Sample question 177 for DBMS,"concept, definition, example"
OS,Sample question 178 for OS,"concept, definition, example"
HR,Sample question 179 for HR,"concept, definition, example"
ML,Sample question 180 for ML,"concept, definition, example"
OOP,Sample question 181 for OOP,"concept, definition, example"
DBMS,Sample question 182 for DBMS,"concept, definition, example"
OS,Sample question 183 for OS,"concept, definition, example"
HR,Sample question 184 for HR,"concept, definition, example"
ML,Sample question 185 for ML,"concept, definition, example"
OOP,Sample question 186 for OOP,"concept, definition, example"
DBMS,Sample question 187 for DBMS,"concept, definition, example"
OS,Sample question 188 for OS,"concept, definition, example"
HR,Sample question 189 for HR,"concept, definition, example"
ML,Sample question 190 for ML,"concept, definition, example"
OOP,Sample question 191 for OOP,"concept, definition, example"
DBMS,Sample question 192 for DBMS,"concept, definition, example"
OS,Sample question 193 for OS,"concept, definition, example"
HR,Sample question 194 for HR,"concept, definition, example"
ML,Sample question 195 for ML,"concept, definition, example"
OOP,Sample question 196 for OOP,"concept, definition, example"
DBMS,Sample question 197 for DBMS,"concept, definition, example"
OS,Sample question 198 for OS,"concept, definition, example"
HR,Sample question 199 for HR,"concept, definition, example"
ML,Sample question 200 for ML,"concept, definition, example"
