Hospital Name,Address,LATITUDE,LONGITUDE
Brahm Shakti Hospital,"U-1/78, Budh Vihar, Phase-1, Main Kanjhawala Road",28.720098,77.07728
Sharp Sight Centre (East),"Sharp Sight Centre East 81, Degence, Enclave",28.643594,77.292569
Surya Laxmi Hospital,"F-258, 259, Vibaspuri",28.64254,77.070452
Sehgal Maternity & Nursing Home,"A-6, Panchwati, Near Azadpur Sabzee Mandi",28.728528,77.171986
Aakash Hospital,"90/43, Malviya Nagar,",28.547735,77.215931
Amar Leela Hospital (P) Ltd,B-1/6 Janak Puri,28.640883,77.089983
Amit Nursing Home,"A-3 Manak Vihar Ext, Tihar, Tihar",28.641184,77.109552
Metro Hospital & Cancer Institute(A Unit Of Metro Medical Services Ltd),21 Community Centre Preet Viharp,28.527226,77.076542
Ayushman Hospital,"# 2, Sec-12, Dwarka",28.610445,77.048389
A-One Hospital Pvt Ltd,"A-1/7, Panchim Vihar, Rohtak Road",28.678597,77.105524
Bali Nursing Home,"D.B.Gupta Road, Karol Bagh",28.651428,77.196887
Bhagwati Hospital,"Cs/Ocf-6, Sector-13 Rohini",28.726421,77.131525
Bhatia Global Hospital & Endosurgery Institute,"307 &308, Ambica Viharpaschim Vihar",28.666416,77.08226
B.T. Hospital,"182, Mukherjee Park, Khyla Road",28.63834,77.105223
Behl Hospital,"B-128, Naraina Viahar",28.629526,77.141208
Bansal Hospital & Research Centre Pvt Ltd,"3590, Bajar Sitaram",28.659864,77.226917
Bhagwan Mahavir Hospital,"Sector-14, Ext., Rohini, Madhuban Chowk",28.713775,77.131525
Centre For Sight,"B-5/24, Oppsite Deer Park Safdarjung Enclave",28.567336,77.191607
Central Hospital,"A-142/1, Ganesh Nagar P.O, Tilak Nagartilak Nagar",28.636947,77.21734
Chaudhary Eye Centre & Laser Vision,"4802/24, Bharat Ram Road, Darya Ganj, 24, Darya Ganj",28.642389,77.244012
National Pediatric Centre & Nads Harsh Hospital,"D.D.A Community Centre(Opp. S.F.S. Flats), Gulmohar",28.717407,77.121381
Chikitsa Nursing Home,"B-4, Saket",28.5411,77.204258
Deepak Memorial & Medical Research Centre,"5, Institutional Area, Vikas Marg Ex Ii",28.645685,77.300939
Delhi Hospital & Temple Nursing Home,"#1, Ansari Road, Darya Ganj, New",28.643444,77.244462
Dharmashila Cancer Hospital & Research Centre,"Dharmashila Marg, Vasundhara Enclavevasundhara Enclave",28.769465,77.156193
Dr. Pattnaik'S Laser Eye Institute,"M-1, Lajpat Nagar-111, Behind Mool Chand Hospital",28.56662,77.243665
Dr.Roshan Lal Hospital,"L-1, Shahdara North East",28.676676,77.284438
Dr.Sushma Jindal Hospital,"488/15, Near Radha Krishna Mandir, Dilshad Garden-(Near Radha Krishan Mandir)",28.684075,77.319368
Eden Hospital (P) Ltd,"B-162, East Of Kailash, Opp ""C"" Blk Mkt",28.560212,77.256711
Escorts Heart Institute & Research Centre Ltd,"Okhla Road, Hotal Surja",28.57005,77.28705
East Delhi Medical Center,"1/550, Gt. Rd, Masarover Park, Shahdara",28.677034,77.295875
Fami Care Nursing Home,F-25/97/ Sector-7 Rohini,28.70907,77.116764
Family Hospital Pvt. Ltd.,"B-859-70, Avantika Sector-1, Rohini-Rohini",28.705457,77.09535
Saket City Hospital (A Unit Of Gujarmal Modi Hospital & Research Centre For Medical Sciences),"Press Enclave Road, Mandir Marg, Saket",28.529563,77.213023
Gaba Hospital,"Bye Pass Road, Yamuna Nagar",30.14869,77.290007
Gandhi Nursing Home(A Unit  Of Pawan Gandhi Health Care Private Limited),"C-50, Om Vihar, Uttam Nagar",28.632144,77.051823
Garg Hospital,"8-A.G.C.R Enclave, Opp:Karkardooma Court",28.65414,77.294949
Goyal Hospital & Urology Centre,"E-4/8, Lajpat Rai Chowk, Krishna Nagarlajpat Rai Chowk",28.662876,77.282956
Goyal Eye Institute,"1/10, East Patel Nagar",28.654893,77.161763
Bm Gupta Hospital Private Limited,"H-11, Uttam Nagar",28.619807,77.061428
Geetanjali Medical Centre,"8/6426, Dev Nagar, Arya Samaj Road, Devnagar",28.649394,77.193276
Handa Nursing Home,"No.57, Raja Garden, Canara Bank,",28.581959,77.150842
Healing Touch Hospital,7/5 Sarvapriya Vihar,28.555576,77.207691
Altius Healthcare Pvt Ltd,"A-6, Pushpanjali Enclave, Pitampurapithampura",28.637869,77.086206
Hemraj Jain Hospital & Maternity Home,"#1, Block C-1, Janakpuri",28.631466,77.08676
Indian Spinal Injury Centre,"Sector C Vasant Kunj, Opp. Vasant Valley School",28.533051,77.141766
Indian Institute Of Opthalmology (A Division Of Patkal Medical Facilit,"C-2, G.K. Enclave-Ii",28.637568,77.018177
J.K.Hospital,"B-1/4A, Janakpuri",28.635685,77.08882
Jain Hospital (A Unit Of Jain Nero Ivf Pvt Ltd),"177-178, Jagriti Enclave, Vikash Marg, Viaks Marg Extn",28.57461,77.217104
Jaipur Golden Hospital,"2, Institutional Area, Sector Iii, Rohini",28.698154,77.109987
Jeevan Anmol Hospital,"Opp:Pratap Nagar, Mayur Vihar Phase I",28.60924,77.293256
Jeewan Nursing Home & Hospital,"2-B, Pusa Road, Karol Bagh Metro Station",28.662274,77.199503
R.B. Seth Jessa Ram & Bross Chaitable Hospital Trust,"W.E.A., Gurudwara Road Karol Bagh",28.645647,77.190754
Jiwan Nursing Home,"Chhotu Ram Chowk, Civil Road, Rohtak 124 001",28.510936,77.001595
Janak Nursing Home,"C4F/1, Janakpuri, Near Bharti College & Fire Station",28.626419,77.087923
Jeevan Jyoti Hospital,"B-28, Kiran Garden, Uttam Nagar, Main Matiala Road",28.606226,77.064959
Jeevan Jyoti Clinic & Nursing Home,"M-131, Vikaspuri",28.646909,77.072474
Jain Child & Maternity Hospital Pvt Ltd,"Ae-7, Shalimiarbagh",28.725518,77.147266
Kailash Nursing Home Pvt Ltd,"49, South Patel Nagar Market",28.654893,77.159188
Kalra Hospital Srcnc Pvt Ltd,"A-6, Kirti Nagar",28.665286,77.142855
Narang Eye Institute,"B-8, Derawal Nagar",28.705645,77.190577
Kantoor Maternity & Medical Centre,"# 11/396, Sunder Vihar",28.664571,77.089538
Kartik Nursing Home And Urology Centre,"C-15, C-Block, Community Centre, Janakpuri",28.568844,77.36562
Khetrapal Hospital,"F-95 Bali Nagar, Najafgarh Road",28.662123,77.138589
Sir Ganga Ram Kolmet Hospital,"7-B, Pusa Road, Karol Bagh, Opp. Metro Pillar No.112",28.651729,77.185083
Krishna Hospital,"9, Chanderlok Enclave, Pitampura",28.727926,77.145893
Kuber Hospital,"12 Chender Lok Enclave, Pitampura",28.714114,77.14659
Kukreja Hospital And Heart Centre Pvt Ltd.,"C-1, Vishal Enclave, Rajouri -27.Garden",28.652106,77.116543
Kalawati Kaustubh Hospital (P) Ltd,"2-Inder Enclave, Main Rohtak-Road, Peeragarhi",28.680197,77.083487
Khanna Nursing Home,"C4F/245, Janakpuri",28.630072,77.079514
Lamba Hospital & Nursing Home,B1/453 Janak Puri,28.637568,77.08037
Lata Hospital,"Ag 35, Shalimar Bagh",28.711969,77.162081
Lok Clinic,"A-2-7, Janakpuri, Opp. Jeewan Park",28.627021,77.071444
Lotus Hospital,"Wz-409-A, Janakpark, Harinagar",28.627624,77.110842
M.K.W.Jan Kalyan Charitable Trust,"J- Block, Community Centre, Rajourt Garden",28.643594,77.099201
Mahesh Hospital,"Patparganj Society Complex , D-437, Main Road, West Vinod Nagar, East",28.628453,77.308038
Mahindru Hospital,"E-1Dz, Kiran Garden, Uttam Nagar",28.636363,77.066242
Makkar Medical Centre,A-1Priyadarshini Vihar,28.632295,77.277291
Malhotra Heart Institute,"14, Ring Road, Lajpat Nagar-Iv",28.565075,77.242703
Malik Radix Health Care,"C-218, Nirman Vihar",28.640732,77.287419
Mata Chanan Devi Hospital,"C-1, Janak Puri",28.626117,77.078653
Max Devki Devi Heart & Vascular Institute-Saket,"# 2, Press Enclave Road, Saket",28.528809,77.209333
Max Healthcare Institute Ltd-Pitampura,"A-1, 2, 3, Netaji Subhash Place, Hb Twin, Towers, Wazirpur Distt. Centre, Pitampura",28.727926,77.143147
Max Medcentre,"N-110, Panchsheel Park",28.689985,77.358067
Mohinder Hospital,"C-5, Green Park Extention",28.559967,77.205474
Monga Medical Centre,J-10 Krishan Nagar,28.647813,77.29426
Moolchand Hospital,Lajpat Nagar-111,28.573065,77.236925
"Max Super Speciality Hospital, Patparganj (Balaji Medical And Diagnostic Research Centre).","No-108-A, I.P. Extension, Patparganj",28.636363,77.309392
Mmr Eye Institute,"B-15, Swasthya Vihar",28.644197,77.289308
National Heart Institute,"49, Community Centre, 110 065 East Of Kailash",28.564622,77.244478
Navjeewan Medical Centre,"T-655, Onkar Nagar 'B', Trinagar",28.674775,77.161872
Navjyoti Eye Centre,"# 90, Darya Ganj",28.645553,77.240403
Netrayatan,"S-371, Greater Kailash Ii",28.535728,77.241952
New Medical Centre,"B-39, Moti Nagar, Near Acharya Bikshu Hospital",28.661577,77.141208
Nijhara Hospital (P) Ltd,"#2979/3, Ranjit Nagar, Near Shiv Mandir",28.649319,77.169316
Adiva Hospital Pvt. Ltd.,C- 1/C Green Park Ext,28.538687,77.202198
Nulife Hospital & Maternity Centre,"1616, Outram Lines, Kingswamy Camp, G-T-B Nagar",28.704892,77.20897
Orchid Hospital & Heart Centre,"C-3/91, 92 Janakpuri",28.620843,77.097839
Orthonova Hospital,C-5/29. S.D.A,28.549677,77.19953
Orthoplus Hospital,"B-28, Gopal Nagar, Najafgarh",28.723711,77.180912
Park Hospital,"12, Chowkhandi Near Keshopur Depot (W), Outer Ring",28.64962,77.08449
Patel Hospital,"U-158, Vats Complex, Shakarpurmain Vikas Marg",28.632747,77.281259
Phoenix Hospital,"E 60, Greater Kailash Part 1 Near Axis Bank Branch Gk",28.548828,77.237442
Prashanti Nursing Home,"H-32/9/Sector-3, Rohini",28.614062,77.039515
Paramtej Sehra Medical & Research Centre,"29-North West Avenue, Club Road",28.667188,77.12196
Pushpanjali Medical Centre,"A-14-15, Pushpanjali, Vikash Marg Extn",28.650223,77.337467
Pushpawati Singhania Research Institute,"Press Enclave Marg, Sheikh Sar",28.533466,77.225536
R.G.Stone Urological & Laparoscopy Hospital,"F12, East Of Kailsh",28.561607,77.242762
Rockland Hospital,"B-33-34, Qutub Institutional, Area",28.553164,77.183659
Ram Lal Kundan Lal Orthopadic Hospital,"Bunglow Plot # 8, Mayur Vihar, Patparganj Road",28.618432,77.282956
Rao Raghubir Hospital & Maternity Centre,"Najafgarh Road, Kamruddin Nagar More",28.663215,77.051794
Sama Nursing Home,"8, Siri Fort Road",28.570653,77.229664
Saroj Hospital And Heart Institute,"Sec-14, (Extn), Madhuban Chowk, Near Delhi Fire Service",28.710162,77.128461
Sanjeevan Medical Centre,"8666 Ara Kasha Road Hospital Lane -55 Arakashan Road, Paharganj",28.646796,77.215727
Sanjeevan Medical Research Centre (P) Ltd.,"#4869/24, Ansari Road, Darya Gunj",28.644122,77.244259
Satyam Hospital Pvt. Ltd.,"# A4/63, 64-65, Sector-16, Rohini",28.75562,77.094395
Sehgal Nursing Home,"B-364 Meera Bagh, Outer Ring Rd",28.667094,77.08861
Shanti Mukand Hospital,"2, Institutional Area, Vikas Marg Extn",28.650825,77.301324
Shanti Nursing Home,"E-1 Panchsheel Garden, Navin Shahdara",28.683359,77.282587
Sharma Nursing Home,C-1/6 Janak Puri,28.611915,77.093418
Shri Balaji Hospital (P) Ltd,"Opp Rohini D.D.A Office , Pitampura",28.710463,77.118427
Shri Ram Singh Hospital & Heart Institute,"B-25, 26A, East Krishna Nagar Swaran Cinema Road",28.666341,77.287419
Dr.Shroff'S Charity Eye Hospital,"# 5027, Kedar Nath Road Opp Golcha Cinema",28.646984,77.242285
Shroff Eye Centre,"A-9, Kailash Colony",28.560702,77.241045
Shubham Hospital,Dd-15-Kalkaji,28.556782,77.25919
Sitaram Bhartia Institute Of Science 7 Research,"B-16 Qutub Institutional Area, New Delhi-110016Instutional Area",28.537857,77.184693
South Point Hospital,"G-48, 49 Masjid Moth Greater Kailash 2",28.553164,77.229715
Spring Dales Medical Centre,"D-4, Prashant Vihar Outer Ring Road), Rohini",28.725518,77.13422
Paras Spring Meadows Hospital,"F-44, East Of Kailash",28.558365,77.243573
Sri Balaji Action Medical Institute,"Fc- 34, A-4, Paschim Vihar",28.674285,77.110695
St Stephens Hospital,Tis Hazari,28.6686,77.214978
Sukhda Hospital,"Local Shoppng Centre, Pamposh Enclave",28.559798,77.246143
Sunder Lal Jain Charitable Hospital,Ashok Vihar,28.691881,77.181584
Sunetra Eye Centre,"S-52, Panchshila Park, Near Malviya Nagar",28.549846,77.213923
Sunil Hospital & Nursing Home,"15/199-200 Malviya Nagarmain , Panchsheel Shivalik",28.542608,77.209803
Swasthik Hospital,"#14, Gopalnagar",28.717991,77.17959
Sawan Neelu Angel'S Nursing Home,"J-293, Saket",28.520175,77.212895
Satya Bhama Hosptial,"#126/105, Najafgarh Raod, Nangloi",28.594658,77.00321
Swastik Medical Centre,"C-164, Anand Vihar",28.66137,77.313486
Talwar Medical Centre,"M-139, Greater Kailash-2",28.551354,77.248203
Taneja Hospital (Managed & Operated By Altius Healthcare Pvt Ltd),"F-15, Preet Vihar, Vikas Marg",28.641033,77.292054
Fortis Hospitals Ltd.(Fortis La Femme (A Unit Of Fortis Health Management (North) Ltd)),"S-549, Greater Kailash Part-Ii",28.532655,77.243817
Thecity Clinic (Unitof Siddharth Medical Services (P) Ltd),"#17-A/1, Asaf Ali Road",28.641805,77.234034
Tirath Ram Shah Charitable Hospital,"# 2A, R.B.L.Isher Das Sawhney Marg Rajpur Roadmarg, Rajpur Road",28.67357,77.217381
Tirupathi Medical Centre,"C-10, Gitanjali Road, Shivalik Panchsheel",28.544116,77.203571
Tirupati Stone Centre & Hospital,"6, Gagan Vihar ( Near Karkadi Mor Flyover )",28.662274,77.298328
Tulasi Aushadshala,"Qutab, Institutional Area, Shamsi Talab, Mehrauli",28.51531,77.1792
Tyagi Nursing Home Pvt. Ltd.,"66/3, 66/4, Ashoknagar",28.70685,77.298328
Upchaar,"A-95, Ashok Vihar, Phase-1I",28.703838,77.177187
Vardaan Hospital,"B-100, Malviya Nagar",28.550751,77.218678
Vashishta Clinic & Hospital For Orthopaedics,"B-35, Shivalik, Panchsheel, Geethanjali Road",28.537179,77.205683
Vinayak Hospital,"Plot No.2, Derawal Nagar, Opp. Model Town",28.706247,77.187487
Vision Eye Centre,"#12/27, West Patel Nagar",28.642295,77.17436
Visitech Hospital (P) Ltd,"R-13, Geater Kailash Part-Ii",28.556179,77.238985
Manav Medicare Centre,"E-11, South Extension Part",28.581507,77.222506
Agarwal Medical Centre,"E-234, Greater Kailash",28.561004,77.242023
Malik Nursing Home,"B-1297-98 Gharoli Dairy Colony, Opp Pocket A1, Mayur Vihar Ph-3",28.628528,76.985218
Anand Hospital,"B-52, New Krishna Park, Dholi Piao, Vikas Puri",28.63576,77.073847
Nazar Kanwar Surana Hospital,"219/220, N.K. Surana Marg, Gulabi Bagh, Near Gurudwara",28.675622,77.190475
Narula Medicare Centre,"#179, Madhuban 92, Nearpanjab National Bank",28.63576,77.288621
Kesar Nursing Home,"Wz61A/3B, Vashisht Park, Pawkha Road",28.609296,77.100288
Mahajan Children Hospital & Nursing Home,"I-50, Arya Samaj Raod, Uttamnagar",28.634555,77.058689
Sarthak Medical Centre,"Rz-2C, Main Road, Opp Primary School, Palam Village",28.55437,77.210438
Saraswati Nursing Home,"130-C, Gautam Nagar",28.562399,77.212447
Silver Line Nursing Home,"B-1, West Vinod Nagar",28.628377,77.299092
Ganesh Ortho Trauma & Medical Centre,"F-15/7, Krishna Nagar.Near Bses Office",28.663931,77.283128
Gupta Medical Centre,B-5/7 Paschim Vihar,28.662876,77.294895
Sehgal'S Nursing Home & Neurological Research Institute,"B-21, 22, Kailash Colony",28.553899,77.242617
Mohan Eye Institute,"11-B, Ganga Ram Hospital Marg",28.64028,77.190358
Shri Jiyalal Hospital & Maternity Centre,"6, Inder Encl, Nr Peera Garhi Chowk, Rohtak Rd, Peera Garhi",28.679387,77.094838
Sodhi Nursing Home & Ent Hospital,"No.455, Bhera Enclave, Paschim Vihar",28.677335,77.08758
Singhal Hospital,"C-40, Street No.9, Sadh Nagar, Nazafgarh",28.596279,77.092043
Mangla Aggarwal Medical Centre Pvt Ltd,No.C-127 Ganesh Nagar Tilak Nagar,28.639188,77.089685
Bansal Hospital(A Unit Of Namedi Hospitalpvt Ltd,"No.A-1, New Friend'S Colony",28.572462,77.269541
Maharaja Agrasen Hospital,"Road No. 35, West Punjabi Bagh",28.674678,77.133879
R. Nayyar Hospital,"No.3, 3A, Amar Enclave, Nawada, Uttam Nagar, Main Najafgarh Road",28.632747,77.066637
Vision Care Centre,"E-16/389,392. Sector- 8 Rohini",28.745386,77.091013
Divya Prastha Hospital,"Rz-37, Main Road, Palam Colony",28.583655,77.08074
Kamlesh Medical Centre,"No.423, Bhera Enclave, Paschim Vihar",28.679745,77.090326
Arya Hospital,"C-1/101.Pankha Road, Janak Puri",28.61766,77.07941
Chaddha Children Hospital & Nursing Home,"No.121, Guru Harkishan Nagar, Paschim Vihar",28.679444,77.085176
Navjeevan Hospital,"A-12, Pushpanjali Enclave, Pitampura",28.694901,77.108937
Sukhmani Hospital,"B-7 Extn, 126A Safdar Jung Enclave, Kamal Cinema Road",28.567336,77.200533
Deepan Hospital,"Khasra 139-140, Najafgarh Raod, Kapashera",28.531713,77.085694
Avanitka Hospital,"#168/A-00/Sector-2, Rohini, Near Pole Star Public School",28.698023,77.101769
Shivam Nursing Home,"A-93, Gurudwara Wala Road, New Seelampur Market",28.677034,77.266648
Kesar Hospital,"Ah-11, Shalimar Bagh, Near Prabhu Dayal Public School",28.713625,77.163113
Primus Ortho And Spine Hospital,"Chander Gupt Marg, Chankyapuri",28.597183,77.181993
Usha Memorial Orthopaedic Centre,"D-8, Krishna Nagar",28.785113,77.173359
Surya Hospital,"383/11-C, East Azad Nagar, Krishana Nagar",28.66137,77.281682
Ashok Nursing Home,"F-3/15, Vijay Chowk, Krishna Nagar",28.775784,77.171694
Khandelwal Hospital & Urology Centre,"B-16, East Krishna Nagar, Opp. Swarah Cenima",28.661822,77.288621
Jeevan Jyoti Clinic & Hospital,"G.T.B. Chowk, Dilshand Gardendilshad Garden",28.691792,77.318979
Jain Charitable Hospital,"#2946-2949, Street #5, Raghubar Pura, Ii Gandhi Nagar",28.677938,77.26125
Panchsheel Hospital Private Limited,"C-3/64 A, Yamuna Vihar",28.711668,77.262331
Mohan Nursing Home & Hospitals,"B-2/40A, Yamuna Vihar",28.703838,77.279351
Neera Eye Centre & Laser Vision,"B-99, Bharat Ram Road, Opp-Commercial School Darya Ganj",28.643971,77.241734
Jeewan Mala Hospital Pvt. Ltd.,New Rohtak Road,28.667169,77.173449
Delhi Heart And Lung Institute,#3Mm Ii Panchkuian Road,28.643067,77.204777
Shree Jeewan Hospital,67/1 Rohtak Road,28.660316,77.196095
Sant Parmandand Hospital,"# 18, Sham Nath Marg, Civil Lines",28.68607,77.224222
Family Hospital (P) Ltd,"W2-26A, Sahibpura",28.716485,77.098515
Sardana Eye Institute,"A-2/19, Rajouri Garden",28.650825,77.121912
Khetarpal Nursing Home,"Gn-5, F&G Sector, Shivaji Enclaveshivaji Enclave",28.652332,77.123285
Bimla Devi Hospital,"# 5, Pocket B, Ocf Mayur Vihar Phase Iiphase-11",28.654441,77.305092
Popli Hospital,"Rz-E-2/86A, Chankya Place, Part",28.621597,77.07728
Medfirst Health Care Pvt Ltd,"D-3/14, Vasant Vihar",28.574573,77.18783
Aashlok Nursing Home Pvt Ltd,"#25A, Block-Ab, Community Centre, Safdarjung Enclave",28.57397,77.200876
Vimhans(Vidyasagar Institute Of Mental Health Neuro And Allied Sciences),"1, Institutional Area, Nehru Nagar",28.672817,77.17135
Lions Kidney Hospital & Urology Research Insitute,Opp B Block Friends Colony,28.635892,77.224957
Jeewan Hospital & Nursing Home Gate No 2,"150- Jeewan Nagar, Gate #2, Near Police Post, Sun Light Colony",28.580301,77.263018
Sharma Nursing Home & Hospital,"A-19-A, Kailash Colony",28.564321,77.240358
Metro Hospital & Heart Institute,"14, Ring Road, Lajpat Nagar Iv",28.568618,77.228209
Nu-Tech Mediworld,"487, Hardev Purigoutam Nagar",28.565225,77.214266
Navjeewan Nursing Home,"15/199-200, Halviya Nagar",28.569748,77.213236
Manav Rakshak Cancer Centre,"#21, Masigarh, Sukhdev Vihar",28.564924,77.274004
R.G. Stone Urological Laparoscopy Hospital,"#195, Deepali Outer Ring Road, Pitampura",28.696987,77.113377
Bajaj Eye Care Centre,"101, Vikas Surya Plaza, Plot # 7, Dda Community Centre Road # 44, Pitampura",28.702634,77.13422
Hans Charitable Hospital,"2001-02, Outram Lines, Kings Way Camp.",28.700206,77.20822
Rashmi Hospital,"Jp-6, Maurya-Enclave, Pitampura",28.69055,77.131012
Aggarwal Nursing Home,"2528/192, Tri Nagar, Tota Ram Bazar",28.686974,77.157618
Northex Stone Clinic,"A-7, First Fl Gujaranwala Town, G T Karnal Road",28.708656,77.189547
Santom Hospital,"D-5, Prashant Vihar, Rohini",28.7207,77.138735
Bhagat Hospital,"D-2/48-49, Janakpuri",28.609428,77.106078
Batra Hospital,"1 , Tughkalabad Institutional Am.B Road",28.516404,77.260531
Dr. Sunder Lal Memorial Hospital,"C-201, Jawahar Park, Deoli Road",28.506674,77.231609
Fortis Flt.Lt.Rajan Dhall Hospital,"Sector-B, Pocket-I, Aruna Asaf Ali Marg, Vasantkunj",28.520005,77.160133
Saraswati Nursing Home,"B-124, Mount Kailash Opp Dps East Of Kailash",28.557122,77.253836
Max Super Speciality Hospital-Saket,"#2,Press Enclave Road",28.533409,77.21
J.M.S.Batra Hospital,"B-1/5, Janakpuri",28.641485,77.091013
Kukreja Hospital,"D-36, Acharyanketan, Mayur Vihar, Ph",28.672215,77.126463
Dr.Kapur'S The Healing Touch Eye Centre,"D-8, Vikas Puri ,",28.63254,77.180883
Matarooprani Maggo & Mahindru Hospital,"C9, Omvihar Phase 1, Uttamnagar",28.633048,77.050158
Altius Healthcare Pvt Ltd,"#1, Gulshan Park, Main Rohtak Road, Mangloi",28.702032,77.109209
Sharp Sight Centre (East),"# 80-81, Defence Enclave Opp Preet Vihar Petrol Pump Vikas Marg",28.643594,77.292569
Smh-Curie Cancer Hospital,"Shanti Mukand Hospital, #2, Institutional Area, Vikas Marg Ext, Karkatdooma",28.649771,77.302182
Blk Memorial Hospital,"Pusa Road, Near Rajendra Place Metro Station",28.647059,77.180474
Shyam Lal Eye Hospital,Malka Ganj Opp. Hans Raj College,28.678672,77.207963
Drs Northex Eye Institute Pvt Ltd,"C-9/34, First Floor, Sector-7, Rohini",28.709033,77.116979
Daya Hospital,"A-4/16, Paschim Vihar",28.67854,77.111269
Dr.Mukesh Ortho & Trauma Centre,"2374T/21A Mandi Extension Narela, Narela",28.530242,77.184242
Holy Child Nursing Home,C-43-44.East Krishna Nagar,28.662575,77.288964
J.P.Memorial Hospital,"F-189, Dilshad Colony, Near Seemapuri Bus Depot",28.686616,77.327375
Gautam Hospital,"Sco #101, Sec 10-A, Main Market Of Sec 10",28.717388,77.135302
Genesis Hospital Pvt Ltd,C-1/130 Janakpuri,28.627323,77.0814
Dr.Nandas Eye Care Centre,"A-200, Sector-8, Dwarka",28.577889,77.072474
Shreya Eye Centre,"D-163, Surajmal Vihar",28.664533,77.306817
Agrawal Eye Institute,"A-235, Shivalik, Malviya Nagar",28.553164,77.215931
R.S.Grover Memorial Hospital,"B-243, Priyadarshini Vihar",28.661935,77.237231
Action Cancer Hospital,"H-2/Fc-34, A4 Pashim Vihar",28.674926,77.097879
Aastha Hospital,"L-2/50, New Mahavir Nagar Outer Ring Road Near Janakpuri Dist Centre",28.643293,77.0814
Khanna Hospital,"C-2/396, Main Jankhari Road Near Dwarka Turning",28.610747,77.058423
Gupta Multispeciality Hospital,"B-20, Vivek Vihar Ram Mandir",28.668449,77.319797
Gautam Nursing Home & Maternity Centre,"D-2/148, Jeewan Park, Pankha Road, Near Mata Chanan Devi Hospital",28.618583,77.068957
Vision Eye Hospital,"F-24/136, Sector-7, Rohiini Near Ayodhya Chowk",28.721303,77.116419
Shakuntla Nursing Home & Hospital,Rz-I-81 Sagar Pur (West) Near Janak Cinema,28.614966,77.095133
Fortis Hospitals Ltd.(Fortis Hospital Management Ltd),A Block Shalimar Bagh,28.626419,77.370821
Nova Specialty Hospitals Private Limited,A-19 A Kailash Colony,28.553899,77.242595
Rg Stone Urology & Laparoscopy Hospital,"B-1, Vishal Enclave Rajori Garden",28.649658,77.12127
I Care Centre,C-6/9 Safdarjung Development Area,28.549714,77.19938
Jain Muni Roshan Lal Charitable Hospital,"2559 Jain Sthanak Road Tri Nagar, Near Metro Station Kanhiya Nagar Inderlok, Tri Nagartri Nagar",28.676567,77.161573
Mansaram Hospital Pvt Ltd,B-5 Amanpuri Extension Main Najafgarhnangoli,28.653236,77.026322
Sunrise Hospital,Plot No 1 Pkt 8 B Sector 15 Rohini Delhi 110085,28.488005,76.960396
Centre For Sight (Roopnagar),1/2. Roop Nagar,28.744239,77.293772
Centre For Sight (Rajouri),"J-12/30, Rajouri Garden",28.656248,77.120539
Centre For Sight (Rohini),"304-309, Ring Road Mall, Sector-3, Rohini",28.698794,77.115587
K K Surgical & Maternity Center,"B-37, East Jyoti Nagar, Loni Road",28.686371,77.29117
Nova Specialty Hospitals Private Limited,"66 A/2, New Rohtak Road, Karol Bagh",28.658546,77.193586
Apex Citi Hospital (A Unit Of Siddhartha Healthcare Pvt Ltd.),"D-440, West Vinod Nagar, Hanuman Road, I.P. Extension, -, Near Punjab National Bank",28.624874,77.294262
Max Super Speciality Hospital-Shalimar Bagh,"F-50, C & D Block Shalimar Bagh",28.727755,77.152657
Pentamed Hospital,"7 Local Shopping Centre Phase 4, Derawal Nagar, Gujrawala Town",28.707151,77.19195
Max Healthcare Institute,"Max House, 1 Dr.Jha Marg, Okhla",28.573668,77.264683
Mata Chandna Devi Hospital,"A-1, Vikas Nagar, Aastal, Uttamnagar",28.626121,77.045022
Indraprastha Apollo Hospitals,Sarita Vihar Mathura Road,28.548037,77.283617
M.G.S Hospital,"35/37 Rohtak Road, West Punjabi Bagh",28.674116,77.134492
Dr Gupta Nursing Home,"25, Raj Block, Naveen Shahdara",28.676177,77.286544
Jeewan Hospital & Nursing Home Pvt Ltd.,"Gate No 1, 150, Jeevan Nagar",28.580301,77.263018
Bharti Eye Foundation,"1/3, East Patel Nagar",28.654441,77.16142
Rlkc Hospital,"Naraina Road, (Nr Shadipur Metro Station) Pandav Nagar",28.655337,77.160324
Suman Super Speciality Hospital,Plat No 141 Pocket No 4 Sect 7 Binda Pur Dwarka,28.610672,77.065903
Ch. Chhaju Ram Hospital (Aunit Of Holy Touch Healthcare Pvt Ltd),"Wz-1, Om Viha, Uttam Nagar Main Najafgarh Road",28.638849,77.099601
Nayanatara Eye Centre,"B-106, Subhadra Colony",28.681247,77.164763
Vasan Eye Care Hospital - Pusa Road,"36-B, Parvatesh Tower, Pusa Road, Karolbagh, New Delhi - 110060, Delhi",28.64298,77.184429
Vasan Healthcare Pvt. Ltd-Janakpuri,"Piller No-634, Janakpuri",28.625611,77.068378
Vasan Eye Care Hospital-Preet Vihar,"F-14, Opposite Metro Gate No 2, Preet Vihar, New Delhi - 110092, Delhi",28.641791,77.296239
Kosmos Superspeciality Hospital,"C-60, Anand Vihar, Vikasmarg",28.654859,77.310553
Karuna Hospital,"D-62, Dilshad Colony",28.689051,77.323175
Eye Q Super Speciality Eye Hospital,Shalimar Bagh,29.930098,77.905052
Centre For Sight-Ashok Vihar,"B2/6, Ashok Vihar, Phase-2",28.693639,77.175901
Mahajan Eye Centre,"Ad-21A, Pitampura, Outer Ring Road, Near Pitampura Metro Station",28.707554,77.134728
Mangalam Medical & Surgical Centre,"154/81, Main Bawana Road, Pooth Khurd",28.773368,77.048235
Kesar Hospital,"C-480, Chawla Colony,Ballabhgarh",28.344643,77.217874
North Eastern Medical Research Institute Limited,"A.M. Road, Rehabari",26.172232,91.748475
Irene Hospital (Nirmaya Hospital (A Unit Of Delphi Healthcare Research Institute Pvt. Ltd),"Dd-23, Kalkaji",28.544719,77.258731
Bimal Hospital,"17/1, Near Bhuto Wali Gali",28.698418,77.065556
Venu Eye Institute & Research Centre,"Plot No-1, Facility Centre-3, Sheikh Sarai",28.550148,77.220051
R G Stone Urology & Laparoscopy Hospital,"18, Gagan Vihar",28.653537,77.295633
Rescue Hospital India Pvt Ltd,S 5 Vishwas Park Behind Sector 3 Petrol Pump Dwarka,28.597692,77.06248
Joy Nursing Home,J-5/49 E & F Rajouri Garden,28.649018,77.121102
Life Line Hospital,Plot No 42 Sector 12 B Dwarka,28.621898,77.047703
Centre For Sight (Preet Vihar),"F-19 Vikas Marg, Preet Vihar, Nr Preet Vihar Metro Station",28.642521,77.296111
Eye 7 Hospital Pvt Ltd,"B-6, Kalindi Colony (Maharani Bagh) Facing Inner Ring Road",28.647813,77.189757
Centre For Sight-Dwarka,"Plot No-20, Dwarka Sector 12 A, Opposite Bal Bharti School, Dwarka",28.596434,77.040834
Medfort Hospital,A3/24 -3Rd Floor Janakpuri,28.63124,77.080421
Bhagat Chandra Hospital (A Unit Of Bhagat Hospitals (P) Ltd.),"Rz-F1/1, Mahavir Enclave, Near Dwarka Airport Flyover",28.593185,77.081144
Virmani Hospital Pvt Ltd,"Plot No-8, Lsc, Mayur Vihar Phase-2, East, N.H.-24",28.619564,77.301241
Vasan Eye Care Hospital-Pitampura,"Plot No 500 Pwd Road No 1 Kohat Enclave Opp Metro Pillar 345 Pitampura, New Delhi - 110034, Delhi",28.69894,77.139102
Rotary Eye Care Centre,"#57, Tughlakabad Institutional Area",28.512905,77.242089
Vasan Eye Care Hospital ( Aunit Of Vasan Health Care Pvt Ltd)-Panchsheel Park,"S-61, Panchsheel Park, New Delhi - 110017, Delhi",28.542811,77.214057
Vasan Eye Care Hospital (A Unit Of Vasan Health Care Pvt Ltd)- Greater Kailash,"E 16,Greater Kailash 1, Opp. Hsbc Bank, New Delhi - 110048, Delhi",28.548661,77.241209
Fortis C-Doc Health Care Ltd.,"B-16, Chirag Enclane (Opp.Nehru Place)",28.546515,77.248355
Vikas Hospital Pvt Ltd,"1629-H, Thana Road, Najafgarh",28.611036,76.980917
Artemis Hospital,"Plot No. 14, Sector 20, Dwarka",28.56888,77.062045
Parth Hospital,"84,Sewak Park,Dwaraka More,New Delhi",28.618941,77.032774
Sunrise Hospital(A Unit Of Trinity Sunrise Healthcare Pvt. Ltd),"F-1,,Kalindi Colony,",28.577004,77.265937
Chinmaya Vision,"28, Bhera Enclave,Outer Ring Road,Paschim Vihar",28.670107,77.092502
Isis Hospital Pvt Ltd,"M-4, Greater Kailash-1",0.0,0.0
Ravi Eye Foundation,"B-8, Ganesh Nagar",0.0,0.0
Eye Sight Laser Centre,"52A, DDA, Pocket 2, Behind Sec-6, Main Market, Dwarka",0.0,0.0
Irene Swasthik Hospital,"A-9, Raghuvir Enclave, Diachaun Chowk, Nangloi Stand, Najafgarh",28.609279,77.185514
